{
  "Serilog": {
    "MinimumLevel": {
      "Default": "Information",
      "Override": {
        "Microsoft": "Warning",
        "Microsoft.Hosting.Lifetime": "Information",
        "WebOptimizer": "Warning"
      }
    },
    "Using":  [ "Serilog.Sinks.Console"],
    "WriteTo": {
      "ConsoleSink": {
        "Name": "Console",
        "Args": {
          "outputTemplate": "[{Timestamp:yyyy-MM-dd HH:mm:ss,fff}] [{LevelShortName}] [{SourceContext}] {Message} {Exception} {NewLine}"
        }
      }
    }
  }
}
